Kids_First_Participant_ID	Kids_First_Biospecimen_ID	sample_id	aliquot_id	composition	sample_type	reported_gender	primary_site	pathology_free_text_diagnosis	seq_center	experimental_strategy	RNA_library	cohort	sub_cohort	evodevo_subgroup	weeks_post_conception	prenatal_week_bin	evodevo_prenatal_week_group	evodevo_postnatal_group
EVODEVO_11950	SAMEA4689978	ERS2510162	3653sTS.Human.Hindbrain.10w.Male	Solid Tissue	Normal	Male	Hindbrain	10 Week Post Conception	Lausanne Genomics Technology Facility	RNA-Seq	poly-A	EVO-DEVO	EVO-DEVO	Hindbrain-10 Week Post Conception	10	8-12pcw_early_fetal	Hindbrain-8-12pcw_early_fetal	NA
EVODEVO_12149	SAMEA4689973	ERS2510157	5664sTS.Human.Forebrain.10w.Female	Solid Tissue	Normal	Female	Forebrain	10 Week Post Conception	Lausanne Genomics Technology Facility	RNA-Seq	poly-A	EVO-DEVO	EVO-DEVO	Forebrain-10 Week Post Conception	10	8-12pcw_early_fetal	Forebrain-8-12pcw_early_fetal	NA
EVODEVO_12149	SAMEA4689979	ERS2510163	5743sTS.Human.Hindbrain.10w.Female	Solid Tissue	Normal	Female	Hindbrain	10 Week Post Conception	Lausanne Genomics Technology Facility	RNA-Seq	poly-A	EVO-DEVO	EVO-DEVO	Hindbrain-10 Week Post Conception	10	8-12pcw_early_fetal	Hindbrain-8-12pcw_early_fetal	NA
EVODEVO_11755	SAMEA4689991	ERS2510175	2047sTS.Human.Forebrain.11w.Male	Solid Tissue	Normal	Male	Forebrain	11 Week Post Conception	Lausanne Genomics Technology Facility	RNA-Seq	poly-A	EVO-DEVO	EVO-DEVO	Forebrain-11 Week Post Conception	11	8-12pcw_early_fetal	Forebrain-8-12pcw_early_fetal	NA
EVODEVO_11755	SAMEA4689999	ERS2510183	2048sTSm.Human.Hindbrain.11w.Male	Solid Tissue	Normal	Male	Hindbrain	11 Week Post Conception	Lausanne Genomics Technology Facility	RNA-Seq	poly-A	EVO-DEVO	EVO-DEVO	Hindbrain-11 Week Post Conception	11	8-12pcw_early_fetal	Hindbrain-8-12pcw_early_fetal	NA
EVODEVO_11798	SAMEA4690000	ERS2510184	2096sTS.Human.Cerebellum.11w.Male	Solid Tissue	Normal	Male	Hindbrain	11 Week Post Conception	Lausanne Genomics Technology Facility	RNA-Seq	poly-A	EVO-DEVO	EVO-DEVO	Hindbrain-11 Week Post Conception	11	8-12pcw_early_fetal	Hindbrain-8-12pcw_early_fetal	NA
EVODEVO_11798	SAMEA4689992	ERS2510176	2111sTS.Human.Forebrain.11w.Male	Solid Tissue	Normal	Male	Forebrain	11 Week Post Conception	Lausanne Genomics Technology Facility	RNA-Seq	poly-A	EVO-DEVO	EVO-DEVO	Forebrain-11 Week Post Conception	11	8-12pcw_early_fetal	Forebrain-8-12pcw_early_fetal	NA
EVODEVO_11951	SAMEA4690001	ERS2510185	3668sTS.Human.Hindbrain.11w.Male	Solid Tissue	Normal	Male	Hindbrain	11 Week Post Conception	Lausanne Genomics Technology Facility	RNA-Seq	poly-A	EVO-DEVO	EVO-DEVO	Hindbrain-11 Week Post Conception	11	8-12pcw_early_fetal	Hindbrain-8-12pcw_early_fetal	NA
EVODEVO_12275	SAMEA4690002	ERS2510186	5637sTS.Human.Hindbrain.11w.Female	Solid Tissue	Normal	Female	Hindbrain	11 Week Post Conception	Lausanne Genomics Technology Facility	RNA-Seq	poly-A	EVO-DEVO	EVO-DEVO	Hindbrain-11 Week Post Conception	11	8-12pcw_early_fetal	Hindbrain-8-12pcw_early_fetal	NA
EVODEVO_12718	SAMEA4689993	ERS2510177	5952sTS.Human.Forebrain.11w.Male	Solid Tissue	Normal	Male	Forebrain	11 Week Post Conception	Lausanne Genomics Technology Facility	RNA-Seq	poly-A	EVO-DEVO	EVO-DEVO	Forebrain-11 Week Post Conception	11	8-12pcw_early_fetal	Forebrain-8-12pcw_early_fetal	NA
EVODEVO_12748	SAMEA4689994	ERS2510178	5953sTS.Human.Forebrain.11w.Female	Solid Tissue	Normal	Female	Forebrain	11 Week Post Conception	Lausanne Genomics Technology Facility	RNA-Seq	poly-A	EVO-DEVO	EVO-DEVO	Forebrain-11 Week Post Conception	11	8-12pcw_early_fetal	Forebrain-8-12pcw_early_fetal	NA
EVODEVO_12007	SAMEA4690014	ERS2510198	3769sTS.Human.Hindbrain.12w.Male	Solid Tissue	Normal	Male	Hindbrain	12 Week Post Conception	Lausanne Genomics Technology Facility	RNA-Seq	poly-A	EVO-DEVO	EVO-DEVO	Hindbrain-12 Week Post Conception	12	8-12pcw_early_fetal	Hindbrain-8-12pcw_early_fetal	NA
EVODEVO_12368	SAMEA4690011	ERS2510195	5721sTS.Human.Forebrain.12w.Male	Solid Tissue	Normal	Male	Forebrain	12 Week Post Conception	Lausanne Genomics Technology Facility	RNA-Seq	poly-A	EVO-DEVO	EVO-DEVO	Forebrain-12 Week Post Conception	12	8-12pcw_early_fetal	Forebrain-8-12pcw_early_fetal	NA
EVODEVO_12368	SAMEA4690016	ERS2510200	5722sTS.Human.Hindbrain.12w.Male	Solid Tissue	Normal	Male	Hindbrain	12 Week Post Conception	Lausanne Genomics Technology Facility	RNA-Seq	poly-A	EVO-DEVO	EVO-DEVO	Hindbrain-12 Week Post Conception	12	8-12pcw_early_fetal	Hindbrain-8-12pcw_early_fetal	NA
EVODEVO_12513	SAMEA4690015	ERS2510199	5708sTS.Human.Hindbrain.12w.Female	Solid Tissue	Normal	Female	Hindbrain	12 Week Post Conception	Lausanne Genomics Technology Facility	RNA-Seq	poly-A	EVO-DEVO	EVO-DEVO	Hindbrain-12 Week Post Conception	12	8-12pcw_early_fetal	Hindbrain-8-12pcw_early_fetal	NA
EVODEVO_12163	SAMEA4690031	ERS2510215	5670sTS.Human.Hindbrain.13w.Male	Solid Tissue	Normal	Male	Hindbrain	13 Week Post Conception	Lausanne Genomics Technology Facility	RNA-Seq	poly-A	EVO-DEVO	EVO-DEVO	Hindbrain-13 Week Post Conception	13	13-16pcw_early_midfetal	Hindbrain-13-16pcw_early_midfetal	NA
EVODEVO_12525	SAMEA4690024	ERS2510208	5711sTS.Human.Forebrain.13w.Male	Solid Tissue	Normal	Male	Forebrain	13 Week Post Conception	Lausanne Genomics Technology Facility	RNA-Seq	poly-A	EVO-DEVO	EVO-DEVO	Forebrain-13 Week Post Conception	13	13-16pcw_early_midfetal	Forebrain-13-16pcw_early_midfetal	NA
EVODEVO_12593	SAMEA4690032	ERS2510216	5724sTS.Human.Hindbrain.13w.Male	Solid Tissue	Normal	Male	Hindbrain	13 Week Post Conception	Lausanne Genomics Technology Facility	RNA-Seq	poly-A	EVO-DEVO	EVO-DEVO	Hindbrain-13 Week Post Conception	13	13-16pcw_early_midfetal	Hindbrain-13-16pcw_early_midfetal	NA
EVODEVO_12715	SAMEA4690025	ERS2510209	5939sTS.Human.Forebrain.13w.Male	Solid Tissue	Normal	Male	Forebrain	13 Week Post Conception	Lausanne Genomics Technology Facility	RNA-Seq	poly-A	EVO-DEVO	EVO-DEVO	Forebrain-13 Week Post Conception	13	13-16pcw_early_midfetal	Forebrain-13-16pcw_early_midfetal	NA
EVODEVO_12760	SAMEA4690033	ERS2510217	5943sTS.Human.Hindbrain.13w.Female	Solid Tissue	Normal	Female	Hindbrain	13 Week Post Conception	Lausanne Genomics Technology Facility	RNA-Seq	poly-A	EVO-DEVO	EVO-DEVO	Hindbrain-13 Week Post Conception	13	13-16pcw_early_midfetal	Hindbrain-13-16pcw_early_midfetal	NA
EVODEVO_12760	SAMEA4690026	ERS2510210	5955sTS.Human.Forebrain.13w.Female	Solid Tissue	Normal	Female	Forebrain	13 Week Post Conception	Lausanne Genomics Technology Facility	RNA-Seq	poly-A	EVO-DEVO	EVO-DEVO	Forebrain-13 Week Post Conception	13	13-16pcw_early_midfetal	Forebrain-13-16pcw_early_midfetal	NA
EVODEVO_12411	SAMEA4690042	ERS2510226	5665sTSm.Human.Forebrain.16w.Female	Solid Tissue	Normal	Female	Forebrain	16 Week Post Conception	Lausanne Genomics Technology Facility	RNA-Seq	poly-A	EVO-DEVO	EVO-DEVO	Forebrain-16 Week Post Conception	16	13-16pcw_early_midfetal	Forebrain-13-16pcw_early_midfetal	NA
EVODEVO_12411	SAMEA4690047	ERS2510231	5669sTS.Human.Hindbrain.16w.Female	Solid Tissue	Normal	Female	Hindbrain	16 Week Post Conception	Lausanne Genomics Technology Facility	RNA-Seq	poly-A	EVO-DEVO	EVO-DEVO	Hindbrain-16 Week Post Conception	16	13-16pcw_early_midfetal	Hindbrain-13-16pcw_early_midfetal	NA
EVODEVO_12508	SAMEA4690048	ERS2510232	5671sTS.Human.Hindbrain.16w.Male	Solid Tissue	Normal	Male	Hindbrain	16 Week Post Conception	Lausanne Genomics Technology Facility	RNA-Seq	poly-A	EVO-DEVO	EVO-DEVO	Hindbrain-16 Week Post Conception	16	13-16pcw_early_midfetal	Hindbrain-13-16pcw_early_midfetal	NA
EVODEVO_12705	SAMEA4690049	ERS2510233	5956sTS.Human.Hindbrain.16w.Female	Solid Tissue	Normal	Female	Hindbrain	16 Week Post Conception	Lausanne Genomics Technology Facility	RNA-Seq	poly-A	EVO-DEVO	EVO-DEVO	Hindbrain-16 Week Post Conception	16	13-16pcw_early_midfetal	Hindbrain-13-16pcw_early_midfetal	NA
EVODEVO_12866	SAMEA4690043	ERS2510227	5951sTS.Human.Forebrain.16w.Male	Solid Tissue	Normal	Male	Forebrain	16 Week Post Conception	Lausanne Genomics Technology Facility	RNA-Seq	poly-A	EVO-DEVO	EVO-DEVO	Forebrain-16 Week Post Conception	16	13-16pcw_early_midfetal	Forebrain-13-16pcw_early_midfetal	NA
EVODEVO_12243	SAMEA4690059	ERS2510243	5667sTS.Human.Forebrain.18w.Male	Solid Tissue	Normal	Male	Forebrain	18 Week Post Conception	Lausanne Genomics Technology Facility	RNA-Seq	poly-A	EVO-DEVO	EVO-DEVO	Forebrain-18 Week Post Conception	18	17-19pcw_late_midfetal	Forebrain-17-19pcw_late_midfetal	NA
EVODEVO_11581	SAMEA4690072	ERS2510256	5960sTS.Human.Brain.19w.Male	Solid Tissue	Normal	Male	Forebrain	19 Week Post Conception	Lausanne Genomics Technology Facility	RNA-Seq	poly-A	EVO-DEVO	EVO-DEVO	Forebrain-19 Week Post Conception	19	17-19pcw_late_midfetal	Forebrain-17-19pcw_late_midfetal	NA
EVODEVO_11875	SAMEA4690070	ERS2510254	5768sTS.Human.Brain.19w.Male	Solid Tissue	Normal	Male	Forebrain	19 Week Post Conception	Lausanne Genomics Technology Facility	RNA-Seq	poly-A	EVO-DEVO	EVO-DEVO	Forebrain-19 Week Post Conception	19	17-19pcw_late_midfetal	Forebrain-17-19pcw_late_midfetal	NA
EVODEVO_12545	SAMEA4690071	ERS2510255	5782sTS.Human.Brain.19w.Female	Solid Tissue	Normal	Female	Forebrain	19 Week Post Conception	Lausanne Genomics Technology Facility	RNA-Seq	poly-A	EVO-DEVO	EVO-DEVO	Forebrain-19 Week Post Conception	19	17-19pcw_late_midfetal	Forebrain-17-19pcw_late_midfetal	NA
EVODEVO_11589	SAMEA4690073	ERS2510257	5668sTS.Human.Brain.20w.Male	Solid Tissue	Normal	Male	Forebrain	19 Week Post Conception	Lausanne Genomics Technology Facility	RNA-Seq	poly-A	EVO-DEVO	EVO-DEVO	Forebrain-19 Week Post Conception	19	17-19pcw_late_midfetal	Forebrain-17-19pcw_late_midfetal	NA
EVODEVO_12034	SAMEA4690074	ERS2510258	5770sTS.Human.Brain.20w.Female	Solid Tissue	Normal	Female	Forebrain	19 Week Post Conception	Lausanne Genomics Technology Facility	RNA-Seq	poly-A	EVO-DEVO	EVO-DEVO	Forebrain-19 Week Post Conception	19	17-19pcw_late_midfetal	Forebrain-17-19pcw_late_midfetal	NA
EVODEVO_11993	SAMEA4690086	ERS2510270	3587sTS.Human.Forebrain.CS13.Male	Solid Tissue	Normal	Male	Forebrain	4 Week Post Conception	Lausanne Genomics Technology Facility	RNA-Seq	poly-A	EVO-DEVO	EVO-DEVO	Forebrain-4 Week Post Conception	4	4-5pcw_early_embryonic	Forebrain-4-5pcw_early_embryonic	NA
EVODEVO_12126	SAMEA4690091	ERS2510275	5622sTS.Human.Hindbrain.4w.Female	Solid Tissue	Normal	Female	Hindbrain	4 Week Post Conception	Lausanne Genomics Technology Facility	RNA-Seq	poly-A	EVO-DEVO	EVO-DEVO	Hindbrain-4 Week Post Conception	4	4-5pcw_early_embryonic	Hindbrain-4-5pcw_early_embryonic	NA
EVODEVO_12179	SAMEA4690087	ERS2510271	5624sTS.Human.Forebrain.4w.Male	Solid Tissue	Normal	Male	Forebrain	4 Week Post Conception	Lausanne Genomics Technology Facility	RNA-Seq	poly-A	EVO-DEVO	EVO-DEVO	Forebrain-4 Week Post Conception	4	4-5pcw_early_embryonic	Forebrain-4-5pcw_early_embryonic	NA
EVODEVO_12179	SAMEA4690092	ERS2510276	5625sTS.Human.Hindbrain.4w.Male	Solid Tissue	Normal	Male	Hindbrain	4 Week Post Conception	Lausanne Genomics Technology Facility	RNA-Seq	poly-A	EVO-DEVO	EVO-DEVO	Hindbrain-4 Week Post Conception	4	4-5pcw_early_embryonic	Hindbrain-4-5pcw_early_embryonic	NA
EVODEVO_12980	SAMEA4690088	ERS2510272	6096sTS.Human.Forebrain.4w.Male	Solid Tissue	Normal	Male	Forebrain	4 Week Post Conception	Lausanne Genomics Technology Facility	RNA-Seq	poly-A	EVO-DEVO	EVO-DEVO	Forebrain-4 Week Post Conception	4	4-5pcw_early_embryonic	Forebrain-4-5pcw_early_embryonic	NA
EVODEVO_12980	SAMEA4690093	ERS2510277	6097sTS.Human.Hindbrain.4w.Male	Solid Tissue	Normal	Male	Hindbrain	4 Week Post Conception	Lausanne Genomics Technology Facility	RNA-Seq	poly-A	EVO-DEVO	EVO-DEVO	Hindbrain-4 Week Post Conception	4	4-5pcw_early_embryonic	Hindbrain-4-5pcw_early_embryonic	NA
EVODEVO_11959	SAMEA4690102	ERS2510286	3669sTS.Human.Forebrain.CS16.Male	Solid Tissue	Normal	Male	Forebrain	5 Week Post Conception	Lausanne Genomics Technology Facility	RNA-Seq	poly-A	EVO-DEVO	EVO-DEVO	Forebrain-5 Week Post Conception	5	4-5pcw_early_embryonic	Forebrain-4-5pcw_early_embryonic	NA
EVODEVO_11959	SAMEA4690106	ERS2510290	3670sTS.Human.Hindbrain.CS16.Male	Solid Tissue	Normal	Male	Hindbrain	5 Week Post Conception	Lausanne Genomics Technology Facility	RNA-Seq	poly-A	EVO-DEVO	EVO-DEVO	Hindbrain-5 Week Post Conception	5	4-5pcw_early_embryonic	Hindbrain-4-5pcw_early_embryonic	NA
EVODEVO_12117	SAMEA4690103	ERS2510287	5628sTS.Human.Forebrain.5w.Female	Solid Tissue	Normal	Female	Forebrain	5 Week Post Conception	Lausanne Genomics Technology Facility	RNA-Seq	poly-A	EVO-DEVO	EVO-DEVO	Forebrain-5 Week Post Conception	5	4-5pcw_early_embryonic	Forebrain-4-5pcw_early_embryonic	NA
EVODEVO_12117	SAMEA4690107	ERS2510291	5635sTS.Human.Hindbrain.5w.Female	Solid Tissue	Normal	Female	Hindbrain	5 Week Post Conception	Lausanne Genomics Technology Facility	RNA-Seq	poly-A	EVO-DEVO	EVO-DEVO	Hindbrain-5 Week Post Conception	5	4-5pcw_early_embryonic	Hindbrain-4-5pcw_early_embryonic	NA
EVODEVO_11771	SAMEA4690117	ERS2510301	2089sTS.Human.Hindbrain.CS18.Male	Solid Tissue	Normal	Male	Hindbrain	6 Week Post Conception	Lausanne Genomics Technology Facility	RNA-Seq	poly-A	EVO-DEVO	EVO-DEVO	Hindbrain-6 Week Post Conception	6	6-7pcw_late_embryonic	Hindbrain-6-7pcw_late_embryonic	NA
EVODEVO_11978	SAMEA4690119	ERS2510303	3674sTS.Human.Hindbrain.CS17.Female	Solid Tissue	Normal	Female	Hindbrain	6 Week Post Conception	Lausanne Genomics Technology Facility	RNA-Seq	poly-A	EVO-DEVO	EVO-DEVO	Hindbrain-6 Week Post Conception	6	6-7pcw_late_embryonic	Hindbrain-6-7pcw_late_embryonic	NA
EVODEVO_12006	SAMEA4690118	ERS2510302	3672sTS.Human.Hindbrain.CS18.Male	Solid Tissue	Normal	Male	Hindbrain	6 Week Post Conception	Lausanne Genomics Technology Facility	RNA-Seq	poly-A	EVO-DEVO	EVO-DEVO	Hindbrain-6 Week Post Conception	6	6-7pcw_late_embryonic	Hindbrain-6-7pcw_late_embryonic	NA
EVODEVO_12331	SAMEA4690120	ERS2510304	5742sTS.Human.Hindbrain.6w.Female	Solid Tissue	Normal	Female	Hindbrain	6 Week Post Conception	Lausanne Genomics Technology Facility	RNA-Seq	poly-A	EVO-DEVO	EVO-DEVO	Hindbrain-6 Week Post Conception	6	6-7pcw_late_embryonic	Hindbrain-6-7pcw_late_embryonic	NA
EVODEVO_11731	SAMEA4690128	ERS2510312	2026sTSm.Human.Forebrain.CS21.Male	Solid Tissue	Normal	Male	Forebrain	7 Week Post Conception	Lausanne Genomics Technology Facility	RNA-Seq	poly-A	EVO-DEVO	EVO-DEVO	Forebrain-7 Week Post Conception	7	6-7pcw_late_embryonic	Forebrain-6-7pcw_late_embryonic	NA
EVODEVO_11731	SAMEA4690134	ERS2510318	2029sTSb.Human.Hindbrain.CS21.Male	Solid Tissue	Normal	Male	Hindbrain	7 Week Post Conception	Lausanne Genomics Technology Facility	RNA-Seq	poly-A	EVO-DEVO	EVO-DEVO	Hindbrain-7 Week Post Conception	7	6-7pcw_late_embryonic	Hindbrain-6-7pcw_late_embryonic	NA
EVODEVO_11965	SAMEA4690130	ERS2510314	3636sTS.Human.Forebrain.CS21.Male	Solid Tissue	Normal	Male	Forebrain	7 Week Post Conception	Lausanne Genomics Technology Facility	RNA-Seq	poly-A	EVO-DEVO	EVO-DEVO	Forebrain-7 Week Post Conception	7	6-7pcw_late_embryonic	Forebrain-6-7pcw_late_embryonic	NA
EVODEVO_11965	SAMEA4690136	ERS2510320	3637sTS.Human.Hindbrain.CS21.Male	Solid Tissue	Normal	Male	Hindbrain	7 Week Post Conception	Lausanne Genomics Technology Facility	RNA-Seq	poly-A	EVO-DEVO	EVO-DEVO	Hindbrain-7 Week Post Conception	7	6-7pcw_late_embryonic	Hindbrain-6-7pcw_late_embryonic	NA
EVODEVO_12080	SAMEA4690129	ERS2510313	3571sTS.Human.Forebrain.CS20.Female	Solid Tissue	Normal	Female	Forebrain	7 Week Post Conception	Lausanne Genomics Technology Facility	RNA-Seq	poly-A	EVO-DEVO	EVO-DEVO	Forebrain-7 Week Post Conception	7	6-7pcw_late_embryonic	Forebrain-6-7pcw_late_embryonic	NA
EVODEVO_12080	SAMEA4690135	ERS2510319	3572sTS.Human.Hindbrain.CS20.Female	Solid Tissue	Normal	Female	Hindbrain	7 Week Post Conception	Lausanne Genomics Technology Facility	RNA-Seq	poly-A	EVO-DEVO	EVO-DEVO	Hindbrain-7 Week Post Conception	7	6-7pcw_late_embryonic	Hindbrain-6-7pcw_late_embryonic	NA
EVODEVO_11736	SAMEA4690157	ERS2510341	2031sTS.Human.Hindbrain.CS22.Male	Solid Tissue	Normal	Male	Hindbrain	8 Week Post Conception	Lausanne Genomics Technology Facility	RNA-Seq	poly-A	EVO-DEVO	EVO-DEVO	Hindbrain-8 Week Post Conception	8	8-12pcw_early_fetal	Hindbrain-8-12pcw_early_fetal	NA
EVODEVO_11739	SAMEA4690158	ERS2510342	2033sTS.Human.Hindbrain.CS22.Female	Solid Tissue	Normal	Female	Hindbrain	8 Week Post Conception	Lausanne Genomics Technology Facility	RNA-Seq	poly-A	EVO-DEVO	EVO-DEVO	Hindbrain-8 Week Post Conception	8	8-12pcw_early_fetal	Hindbrain-8-12pcw_early_fetal	NA
EVODEVO_11739	SAMEA4690148	ERS2510332	2034sTS.Human.Forebrain.CS22.Female	Solid Tissue	Normal	Female	Forebrain	8 Week Post Conception	Lausanne Genomics Technology Facility	RNA-Seq	poly-A	EVO-DEVO	EVO-DEVO	Forebrain-8 Week Post Conception	8	8-12pcw_early_fetal	Forebrain-8-12pcw_early_fetal	NA
EVODEVO_11740	SAMEA4690151	ERS2510335	2035sTSm.Human.Forebrain.8w.Male	Solid Tissue	Normal	Male	Forebrain	8 Week Post Conception	Lausanne Genomics Technology Facility	RNA-Seq	poly-A	EVO-DEVO	EVO-DEVO	Forebrain-8 Week Post Conception	8	8-12pcw_early_fetal	Forebrain-8-12pcw_early_fetal	NA
EVODEVO_11740	SAMEA4690160	ERS2510344	2036sTSm.Human.Hindbrain.8w.Male	Solid Tissue	Normal	Male	Hindbrain	8 Week Post Conception	Lausanne Genomics Technology Facility	RNA-Seq	poly-A	EVO-DEVO	EVO-DEVO	Hindbrain-8 Week Post Conception	8	8-12pcw_early_fetal	Hindbrain-8-12pcw_early_fetal	NA
EVODEVO_11785	SAMEA4690149	ERS2510333	2080sTS.Human.Brain.CS23.Male	Solid Tissue	Normal	Male	Forebrain	8 Week Post Conception	Lausanne Genomics Technology Facility	RNA-Seq	poly-A	EVO-DEVO	EVO-DEVO	Forebrain-8 Week Post Conception	8	8-12pcw_early_fetal	Forebrain-8-12pcw_early_fetal	NA
EVODEVO_11786	SAMEA4690159	ERS2510343	2082sTSb.Human.Hindbrain.CS23.Female	Solid Tissue	Normal	Female	Hindbrain	8 Week Post Conception	Lausanne Genomics Technology Facility	RNA-Seq	poly-A	EVO-DEVO	EVO-DEVO	Hindbrain-8 Week Post Conception	8	8-12pcw_early_fetal	Hindbrain-8-12pcw_early_fetal	NA
EVODEVO_11786	SAMEA4690150	ERS2510334	2086sTSm.Human.Brain.CS23.Female	Solid Tissue	Normal	Female	Forebrain	8 Week Post Conception	Lausanne Genomics Technology Facility	RNA-Seq	poly-A	EVO-DEVO	EVO-DEVO	Forebrain-8 Week Post Conception	8	8-12pcw_early_fetal	Forebrain-8-12pcw_early_fetal	NA
EVODEVO_11745	SAMEA4690179	ERS2510362	2040sTS.Human.Hindbrain.9w.Male	Solid Tissue	Normal	Male	Hindbrain	9 Week Post Conception	Lausanne Genomics Technology Facility	RNA-Seq	poly-A	EVO-DEVO	EVO-DEVO	Hindbrain-9 Week Post Conception	9	8-12pcw_early_fetal	Hindbrain-8-12pcw_early_fetal	NA
EVODEVO_11745	SAMEA4690173	ERS2510356	2041sTSb.Human.Brain.9w.Male	Solid Tissue	Normal	Male	Forebrain	9 Week Post Conception	Lausanne Genomics Technology Facility	RNA-Seq	poly-A	EVO-DEVO	EVO-DEVO	Forebrain-9 Week Post Conception	9	8-12pcw_early_fetal	Forebrain-8-12pcw_early_fetal	NA
EVODEVO_11758	SAMEA4690174	ERS2510357	2050sTS.Human.Forebrain.9w.Female	Solid Tissue	Normal	Female	Forebrain	9 Week Post Conception	Lausanne Genomics Technology Facility	RNA-Seq	poly-A	EVO-DEVO	EVO-DEVO	Forebrain-9 Week Post Conception	9	8-12pcw_early_fetal	Forebrain-8-12pcw_early_fetal	NA
EVODEVO_11758	SAMEA4690180	ERS2510363	2054sTS.Human.Hindbrain.9w.Female	Solid Tissue	Normal	Female	Hindbrain	9 Week Post Conception	Lausanne Genomics Technology Facility	RNA-Seq	poly-A	EVO-DEVO	EVO-DEVO	Hindbrain-9 Week Post Conception	9	8-12pcw_early_fetal	Hindbrain-8-12pcw_early_fetal	NA
EVODEVO_11768	SAMEA4690175	ERS2510358	2068sTS.Human.Brain.9w.Male	Solid Tissue	Normal	Male	Forebrain	9 Week Post Conception	Lausanne Genomics Technology Facility	RNA-Seq	poly-A	EVO-DEVO	EVO-DEVO	Forebrain-9 Week Post Conception	9	8-12pcw_early_fetal	Forebrain-8-12pcw_early_fetal	NA
EVODEVO_NWCEBZ6D	SAMEA4690194	ERS2510377	5511sTS.Human.Cerebellum.13ypb.Male	Solid Tissue	Normal	Male	Hindbrain	Adolescent	Lausanne Genomics Technology Facility	RNA-Seq	poly-A	EVO-DEVO	EVO-DEVO	Hindbrain-Adolescent	NA	NA	NA	Hindbrain-Adolescent
EVODEVO_3Y3NPTQ0	SAMEA4690192	ERS2510375	5570sTS.Human.Brain.13ypb.Male	Solid Tissue	Normal	Male	Forebrain	Adolescent	Lausanne Genomics Technology Facility	RNA-Seq	poly-A	EVO-DEVO	EVO-DEVO	Forebrain-Adolescent	NA	NA	NA	Forebrain-Adolescent
EVODEVO_I6GESL57	SAMEA4690189	ERS2510372	5515sTS.Human.Brain.14ypb.Male	Solid Tissue	Normal	Male	Forebrain	Adolescent	Lausanne Genomics Technology Facility	RNA-Seq	poly-A	EVO-DEVO	EVO-DEVO	Forebrain-Adolescent	NA	NA	NA	Forebrain-Adolescent
EVODEVO_SZT0OFZW	SAMEA4690196	ERS2510379	5545sTS.Human.Cerebellum.14ypb.Male	Solid Tissue	Normal	Male	Hindbrain	Adolescent	Lausanne Genomics Technology Facility	RNA-Seq	poly-A	EVO-DEVO	EVO-DEVO	Hindbrain-Adolescent	NA	NA	NA	Hindbrain-Adolescent
EVODEVO_Z1MININA	SAMEA4690190	ERS2510373	5532sTS.Human.Brain.16ypb.Male	Solid Tissue	Normal	Male	Forebrain	Adolescent	Lausanne Genomics Technology Facility	RNA-Seq	poly-A	EVO-DEVO	EVO-DEVO	Forebrain-Adolescent	NA	NA	NA	Forebrain-Adolescent
EVODEVO_JHXXPP2Q	SAMEA4690195	ERS2510378	5534sTS.Human.Cerebellum.16ypb.Male	Solid Tissue	Normal	Male	Hindbrain	Adolescent	Lausanne Genomics Technology Facility	RNA-Seq	poly-A	EVO-DEVO	EVO-DEVO	Hindbrain-Adolescent	NA	NA	NA	Hindbrain-Adolescent
EVODEVO_YIOSKDUQ	SAMEA4690191	ERS2510374	5553sTS.Human.Brain.17ypb.Male	Solid Tissue	Normal	Male	Forebrain	Adolescent	Lausanne Genomics Technology Facility	RNA-Seq	poly-A	EVO-DEVO	EVO-DEVO	Forebrain-Adolescent	NA	NA	NA	Forebrain-Adolescent
EVODEVO_5SV1BVI2	SAMEA4690197	ERS2510380	5565sTS.Human.Cerebellum.17ypb.Male	Solid Tissue	Normal	Male	Hindbrain	Adolescent	Lausanne Genomics Technology Facility	RNA-Seq	poly-A	EVO-DEVO	EVO-DEVO	Hindbrain-Adolescent	NA	NA	NA	Hindbrain-Adolescent
EVODEVO_FH7HCT5D	SAMEA4690218	ERS2510401	5849sTS.Human.Cerebellum.6mpb.Female	Solid Tissue	Normal	Female	Hindbrain	Infant	Lausanne Genomics Technology Facility	RNA-Seq	poly-A	EVO-DEVO	EVO-DEVO	Hindbrain-Infant	NA	NA	NA	Hindbrain-Infant
EVODEVO_UHKNTAP6	SAMEA4690211	ERS2510394	5539sTS.Human.Brain.221dpb.Male	Solid Tissue	Normal	Male	Forebrain	Infant	Lausanne Genomics Technology Facility	RNA-Seq	poly-A	EVO-DEVO	EVO-DEVO	Forebrain-Infant	NA	NA	NA	Forebrain-Infant
EVODEVO_0WKT6AKM	SAMEA4690216	ERS2510399	5555sTS.Human.Cerebellum.221dpb.Male	Solid Tissue	Normal	Male	Hindbrain	Infant	Lausanne Genomics Technology Facility	RNA-Seq	poly-A	EVO-DEVO	EVO-DEVO	Hindbrain-Infant	NA	NA	NA	Hindbrain-Infant
EVODEVO_R2QWSVDN	SAMEA4690217	ERS2510400	5568sTS.Human.Cerebellum.270dpb.Male	Solid Tissue	Normal	Male	Hindbrain	Infant	Lausanne Genomics Technology Facility	RNA-Seq	poly-A	EVO-DEVO	EVO-DEVO	Hindbrain-Infant	NA	NA	NA	Hindbrain-Infant
EVODEVO_USKZVVSA	SAMEA4690210	ERS2510393	5521sTS.Human.Brain.271dpb.Male	Solid Tissue	Normal	Male	Forebrain	Infant	Lausanne Genomics Technology Facility	RNA-Seq	poly-A	EVO-DEVO	EVO-DEVO	Forebrain-Infant	NA	NA	NA	Forebrain-Infant
EVODEVO_TIRTLE60	SAMEA4690244	ERS2510427	5842sTS.Human.Cerebellum.0dpb.Female	Solid Tissue	Normal	Female	Hindbrain	Neonate	Lausanne Genomics Technology Facility	RNA-Seq	poly-A	EVO-DEVO	EVO-DEVO	Hindbrain-Neonate	NA	NA	NA	Hindbrain-Neonate
EVODEVO_VDVYLDEO	SAMEA4690245	ERS2510428	5848sTS.Human.Cerebellum.0dpb.Female	Solid Tissue	Normal	Female	Hindbrain	Neonate	Lausanne Genomics Technology Facility	RNA-Seq	poly-A	EVO-DEVO	EVO-DEVO	Hindbrain-Neonate	NA	NA	NA	Hindbrain-Neonate
EVODEVO_EPKPS9CB	SAMEA4690241	ERS2510424	5510sTS.Human.Cerebellum.4dpb.Male	Solid Tissue	Normal	Male	Hindbrain	Neonate	Lausanne Genomics Technology Facility	RNA-Seq	poly-A	EVO-DEVO	EVO-DEVO	Hindbrain-Neonate	NA	NA	NA	Hindbrain-Neonate
EVODEVO_YGJAD9I3	SAMEA4690236	ERS2510419	5892sTS.Human.Brain.4dpb.Male	Solid Tissue	Normal	Male	Forebrain	Neonate	Lausanne Genomics Technology Facility	RNA-Seq	poly-A	EVO-DEVO	EVO-DEVO	Forebrain-Neonate	NA	NA	NA	Forebrain-Neonate
EVODEVO_MFORBABH	SAMEA4690242	ERS2510425	5519sTS.Human.Cerebellum.15dpb.Female	Solid Tissue	Normal	Female	Hindbrain	Neonate	Lausanne Genomics Technology Facility	RNA-Seq	poly-A	EVO-DEVO	EVO-DEVO	Hindbrain-Neonate	NA	NA	NA	Hindbrain-Neonate
EVODEVO_GCMKSGMP	SAMEA4690237	ERS2510420	5894sTS.Human.Brain.15dpb.Female	Solid Tissue	Normal	Female	Forebrain	Neonate	Lausanne Genomics Technology Facility	RNA-Seq	poly-A	EVO-DEVO	EVO-DEVO	Forebrain-Neonate	NA	NA	NA	Forebrain-Neonate
EVODEVO_VSERHBQH	SAMEA4690243	ERS2510426	5527sTS.Human.Cerebellum.19dpb.Female	Solid Tissue	Normal	Female	Hindbrain	Neonate	Lausanne Genomics Technology Facility	RNA-Seq	poly-A	EVO-DEVO	EVO-DEVO	Hindbrain-Neonate	NA	NA	NA	Hindbrain-Neonate
EVODEVO_QXVIAZZT	SAMEA4690235	ERS2510418	5542sTS.Human.Brain.19dpb.Female	Solid Tissue	Normal	Female	Forebrain	Neonate	Lausanne Genomics Technology Facility	RNA-Seq	poly-A	EVO-DEVO	EVO-DEVO	Forebrain-Neonate	NA	NA	NA	Forebrain-Neonate
EVODEVO_QCX1G0HT	SAMEA4690254	ERS2510437	5567sTS.Human.Cerebellum.7ypb.Male	Solid Tissue	Normal	Male	Hindbrain	School Age Child	Lausanne Genomics Technology Facility	RNA-Seq	poly-A	EVO-DEVO	EVO-DEVO	Hindbrain-School Age Child	NA	NA	NA	Hindbrain-School Age Child
EVODEVO_BWSAPEYV	SAMEA4690252	ERS2510435	5569sTS.Human.Brain.7ypb.Male	Solid Tissue	Normal	Male	Forebrain	School Age Child	Lausanne Genomics Technology Facility	RNA-Seq	poly-A	EVO-DEVO	EVO-DEVO	Forebrain-School Age Child	NA	NA	NA	Forebrain-School Age Child
EVODEVO_J96CV3PJ	SAMEA4690251	ERS2510434	5537sTS.Human.Brain.8ypb.Male	Solid Tissue	Normal	Male	Forebrain	School Age Child	Lausanne Genomics Technology Facility	RNA-Seq	poly-A	EVO-DEVO	EVO-DEVO	Forebrain-School Age Child	NA	NA	NA	Forebrain-School Age Child
EVODEVO_ZSY61A80	SAMEA4690253	ERS2510436	5562sTS.Human.Cerebellum.8ypb.Male	Solid Tissue	Normal	Male	Hindbrain	School Age Child	Lausanne Genomics Technology Facility	RNA-Seq	poly-A	EVO-DEVO	EVO-DEVO	Hindbrain-School Age Child	NA	NA	NA	Hindbrain-School Age Child
EVODEVO_CWOL0VPD	SAMEA4690255	ERS2510438	6046sTS.Human.Cerebellum.8ypb.Female	Solid Tissue	Normal	Female	Hindbrain	School Age Child	Lausanne Genomics Technology Facility	RNA-Seq	poly-A	EVO-DEVO	EVO-DEVO	Hindbrain-School Age Child	NA	NA	NA	Hindbrain-School Age Child
EVODEVO_6XIW9VDS	SAMEA4690258	ERS2510441	5543sTS.Human.Brain.2ypb.Female	Solid Tissue	Normal	Female	Forebrain	Toddler	Lausanne Genomics Technology Facility	RNA-Seq	poly-A	EVO-DEVO	EVO-DEVO	Forebrain-Toddler	NA	NA	NA	Forebrain-Toddler
EVODEVO_3UGS0ENI	SAMEA4690263	ERS2510446	5559sTS.Human.Cerebellum.2ypb.Female	Solid Tissue	Normal	Female	Hindbrain	Toddler	Lausanne Genomics Technology Facility	RNA-Seq	poly-A	EVO-DEVO	EVO-DEVO	Hindbrain-Toddler	NA	NA	NA	Hindbrain-Toddler
EVODEVO_UYFIQUMG	SAMEA4690259	ERS2510442	5837sTS.Human.Brain.4ypb.Male	Solid Tissue	Normal	Male	Forebrain	Toddler	Lausanne Genomics Technology Facility	RNA-Seq	poly-A	EVO-DEVO	EVO-DEVO	Forebrain-Toddler	NA	NA	NA	Forebrain-Toddler
EVODEVO_IYEARWTA	SAMEA4690264	ERS2510447	5846sTS.Human.Cerebellum.4ypb.Male	Solid Tissue	Normal	Male	Hindbrain	Toddler	Lausanne Genomics Technology Facility	RNA-Seq	poly-A	EVO-DEVO	EVO-DEVO	Hindbrain-Toddler	NA	NA	NA	Hindbrain-Toddler
EVODEVO_HAVYF9OZ	SAMEA4690260	ERS2510443	5904sTS.Human.Brain.4ypb.Male	Solid Tissue	Normal	Male	Forebrain	Toddler	Lausanne Genomics Technology Facility	RNA-Seq	poly-A	EVO-DEVO	EVO-DEVO	Forebrain-Toddler	NA	NA	NA	Forebrain-Toddler
EVODEVO_VUTHJJFH	SAMEA4690271	ERS2510454	6048sTS.Human.Brain.28ypb.Male	Solid Tissue	Normal	Male	Forebrain	Young Adult	Lausanne Genomics Technology Facility	RNA-Seq	poly-A	EVO-DEVO	EVO-DEVO	Forebrain-Young Adult	NA	NA	NA	Forebrain-Young Adult
EVODEVO_KY9Q4JPL	SAMEA4690275	ERS2510458	5520sTS.Human.Cerebellum.29ypb.Male	Solid Tissue	Normal	Male	Hindbrain	Young Adult	Lausanne Genomics Technology Facility	RNA-Seq	poly-A	EVO-DEVO	EVO-DEVO	Hindbrain-Young Adult	NA	NA	NA	Hindbrain-Young Adult
EVODEVO_RDIOMKFL	SAMEA4690269	ERS2510452	5531sTS.Human.Brain.29ypb.Male	Solid Tissue	Normal	Male	Forebrain	Young Adult	Lausanne Genomics Technology Facility	RNA-Seq	poly-A	EVO-DEVO	EVO-DEVO	Forebrain-Young Adult	NA	NA	NA	Forebrain-Young Adult
EVODEVO_WBERO0DZ	SAMEA4690276	ERS2510459	5540sTS.Human.Cerebellum.29ypb.Male	Solid Tissue	Normal	Male	Hindbrain	Young Adult	Lausanne Genomics Technology Facility	RNA-Seq	poly-A	EVO-DEVO	EVO-DEVO	Hindbrain-Young Adult	NA	NA	NA	Hindbrain-Young Adult
EVODEVO_NLO5TOYG	SAMEA4690270	ERS2510453	5908sTS.Human.Brain.29ypb.Male	Solid Tissue	Normal	Male	Forebrain	Young Adult	Lausanne Genomics Technology Facility	RNA-Seq	poly-A	EVO-DEVO	EVO-DEVO	Forebrain-Young Adult	NA	NA	NA	Forebrain-Young Adult
EVODEVO_YFGLIPTY	SAMEA4690277	ERS2510460	6047sTS.Human.Cerebellum.32ypb.Female	Solid Tissue	Normal	Female	Hindbrain	Young Adult	Lausanne Genomics Technology Facility	RNA-Seq	poly-A	EVO-DEVO	EVO-DEVO	Hindbrain-Young Adult	NA	NA	NA	Hindbrain-Young Adult
EVODEVO_LX3VRSIO	SAMEA4690278	ERS2510461	5522sTS.Human.Cerebellum.39ypb.Male	Solid Tissue	Normal	Male	Hindbrain	Young Adult	Lausanne Genomics Technology Facility	RNA-Seq	poly-A	EVO-DEVO	EVO-DEVO	Hindbrain-Young Adult	NA	NA	NA	Hindbrain-Young Adult
EVODEVO_EYGVMRIO	SAMEA4690272	ERS2510455	5533sTS.Human.Brain.39ypb.Male	Solid Tissue	Normal	Male	Forebrain	Young Adult	Lausanne Genomics Technology Facility	RNA-Seq	poly-A	EVO-DEVO	EVO-DEVO	Forebrain-Young Adult	NA	NA	NA	Forebrain-Young Adult
EVODEVO_ZYVHPUHC	SAMEA4690279	ERS2510462	5547sTS.Human.Cerebellum.39ypb.Male	Solid Tissue	Normal	Male	Hindbrain	Young Adult	Lausanne Genomics Technology Facility	RNA-Seq	poly-A	EVO-DEVO	EVO-DEVO	Hindbrain-Young Adult	NA	NA	NA	Hindbrain-Young Adult
EVODEVO_CBVSGDGM	SAMEA4690273	ERS2510456	5574sTS.Human.Brain.39ypb.Male	Solid Tissue	Normal	Male	Forebrain	Young Adult	Lausanne Genomics Technology Facility	RNA-Seq	poly-A	EVO-DEVO	EVO-DEVO	Forebrain-Young Adult	NA	NA	NA	Forebrain-Young Adult
